{"cameraMode":{"drawMode":0,"name":"Shaded","section":"Shading Mode"},"sceneLighting":false,"audioPlay":false,"sceneViewState":{"showFog":true,"showMaterialUpdate":false,"showSkybox":true,"showFlares":true,"showImageEffects":true,"showParticleSystems":true},"in2DMode":false,"pivot":{"x":-0.5514881610870361,"y":0.8916473388671875,"z":1.1875344514846802},"rotation":{"x":0.13948038220405579,"y":0.30618399381637576,"z":-0.045742668211460116,"w":0.9406737685203552},"size":3.4322662353515627,"orthographic":false}