{"cameraMode":{"drawMode":0,"name":"Shaded","section":"Shading Mode"},"sceneLighting":false,"audioPlay":false,"sceneViewState":{"showFog":true,"showMaterialUpdate":false,"showSkybox":false,"showFlares":true,"showImageEffects":true,"showParticleSystems":true},"in2DMode":false,"pivot":{"x":-2.690000057220459,"y":1.590000033378601,"z":-0.6600000262260437},"rotation":{"x":-0.06653131544589997,"y":0.8396137356758118,"z":-0.10523021966218949,"w":-0.5289152264595032},"size":0.6000572443008423,"orthographic":false}