{"cameraMode":{"drawMode":0,"name":"Shaded","section":"Shading Mode"},"sceneLighting":false,"audioPlay":false,"sceneViewState":{"showFog":true,"showMaterialUpdate":false,"showSkybox":false,"showFlares":true,"showImageEffects":true,"showParticleSystems":true},"in2DMode":false,"pivot":{"x":-3.569999933242798,"y":2.6700000762939455,"z":8.710000038146973},"rotation":{"x":-0.13046538829803468,"y":0.6110008955001831,"z":-0.10272686928510666,"w":-0.774152934551239},"size":6.600115776062012,"orthographic":false}